service_level,integrated_tuned_cost
0.5,10.562870403153557
0.7,9.546802882771901
0.8,9.814581119786869
0.9,11.952926751447105
0.95,13.190437143111945
