train_size,test_size,r2_lr,r2_rf,shapiro_pvalue,avg_cost_normal,avg_cost_saa
5090,1280,0.9010123351865786,0.9288648503720569,1.938721153835847e-70,9.282983059992691,9.37969882688492
